,Item_ID,feature1,feature2,feature3,feature4,feature5,feature6,feature7,feature8,Price
0,Item_0,6.59577997090471,2.29007456114365,7.35670016548681,9.24238676915424,2.10684037135362,5.11131145518408,5.42130501473676,7.16188315008599,853
1,Item_1,6.16589919684617,3.1281779334779,7.36076559726485,1.16126400971114,9.12925481818837,4.7024105108686,2.21710184501226,7.76714810781159,1521
2,Item_2,1.57975431239447,8.20982574833931,6.96235528984666,9.08892347926329,7.22818929222876,1.89671357167228,7.02855522159325,6.95196373994033,1888
3,Item_3,5.11274453236064,8.03847100001701,5.68961959235682,7.61629081932469,3.15810046044736,1.50091741885877,3.06466753442149,3.57394581751366,1402
4,Item_4,7.34196486953018,3.1557784399,7.47886329130374,2.28642851114202,7.43388480342254,4.07884950994606,6.44451499439971,2.37777726318049,1656
5,Item_5,1.64218443660165,8.36908616328773,9.42921048294641,5.35709023660191,7.71135934795835,6.99324120545383,1.1087816447442,3.01666847394961,1799
6,Item_6,4.66702465741755,2.90408437987315,2.73041022469334,8.26672160831085,1.65984970172828,8.31842928353783,4.54326443820872,5.73245352158115,1505
7,Item_7,8.88458788890134,9.41054406035669,3.35263076025887,4.96636153139819,4.48183110733806,1.64294577068505,8.57048939740597,2.56979675822487,924
8,Item_8,9.15595400655662,4.49044405656653,8.24250168866945,8.89404364597001,6.81869630279503,2.8512383159699,5.35964037652355,5.01497667569863,1177
9,Item_9,7.66485530547556,5.30431963016088,5.26804882506003,1.12640466746641,3.62212811835898,8.01064040918785,1.76901372533943,1.46173844040051,1489
10,Item_10,9.9322941406447,6.34560365268411,3.37311411093595,4.02259350721947,9.22433047058345,6.25410372443764,1.29477317466366,1.93453257901021,1095
11,Item_11,3.12238777294029,1.8146720589614,5.79173317748673,4.64455972559547,6.46692135510993,3.68886619281552,6.24329742964273,7.84749426088363,1777
12,Item_12,6.88309630554618,1.00551114198909,5.9461075852031,3.65491903666314,3.26675805207292,1.23380935104227,6.88347541851028,7.96181511475516,1015
13,Item_13,9.95969479735447,9.30224275666565,3.99408748839603,7.87132172223635,8.60770660156503,8.84106791314512,6.07748989359518,2.26437276533672,1872
14,Item_14,3.42599121110577,9.64187103545133,8.3147883174046,7.78124590521827,3.44719414113635,4.72092214425339,5.51818208698188,2.16154092530563,1926
15,Item_15,4.17172454268579,9.00290399161291,3.46267399520564,8.39232012163587,9.91865139848399,1.17769571714538,8.32207218228157,2.05462721745774,1027
16,Item_16,5.09060447685539,4.17632072642077,6.57117866411209,3.87408261080972,8.18514493428334,4.09518017343666,4.3250218899386,7.84526617889518,1762
17,Item_17,6.28901101075999,2.45556784529036,3.87777980010214,4.23790596395599,6.88867622037438,1.11099434952648,6.44226993250336,9.19121559990109,1892
18,Item_18,2.10366781918719,9.41711898476185,3.03607996567617,6.54923284181294,2.66420888378889,1.24698305629371,4.47786600913826,2.60256573510845,1380
19,Item_19,8.02373997930791,6.44420807440423,8.8866657899531,5.55202780059274,2.30946458154854,5.33391807915931,3.09792372756402,1.94341277840311,1535
20,Item_20,4.7028045253863,9.19082382385457,5.64174226400146,4.50097460798811,1.792447958746,9.73032772449987,3.90738329031527,3.93324143149464,1752
21,Item_21,4.64068071137808,7.99379928386169,8.07282244127277,1.82859725855469,5.798559146526,9.75377782412421,1.40743752931225,5.26725360303014,1685
22,Item_22,4.47811657394565,4.11398408865845,8.66651856362668,8.51246424204936,4.4705631028517,1.19304389203542,3.17203528165517,7.75137653266326,1047
23,Item_23,3.15281977956704,8.9419934637414,3.00067451126761,9.28636205363629,9.20547118722761,1.81856284733969,9.74029311324386,9.1894611743339,1265
24,Item_24,1.61239719780413,2.64504217415201,2.42199169782377,2.90005673872261,7.32243657122398,3.79379661678805,8.32673843991347,5.04070474196709,1700
25,Item_25,7.56429944278698,6.3018306350023,3.2660088973681,5.31545811095692,2.13166920924838,4.82840307095332,3.92401450536386,5.43488737925803,1594
26,Item_26,1.07597406522796,6.14838211802937,3.05181027409541,4.47589536228854,2.89026984676108,7.55546244254378,1.64989782471128,2.63563473686098,1857
27,Item_27,9.54016569607439,3.29251218312745,1.23311293652806,8.09073456829089,8.51604882105275,8.48676007365508,1.45988579828836,8.9764888076739,1943
28,Item_28,6.43472977615237,6.00413464713308,2.82859717795442,5.94573724678276,3.88268036712261,1.69151617009141,6.9874414439324,5.34340237445636,1253
29,Item_29,1.86637315736641,9.32145947319465,3.8688851067979,9.30287937758384,3.71751875652105,7.87068612976269,3.58663636087069,7.92053455694862,1311
30,Item_30,4.50883081868959,5.83428330294178,6.62319656951736,7.93067771368966,3.65275085291112,6.09293621226593,5.67118216981283,9.59220498298641,1408
31,Item_31,1.51899892900389,4.23752685384532,5.36963630898697,1.1064052457613,4.02503912696561,5.10721582205741,3.35910234711744,2.13307346247436,1783
32,Item_32,9.95888600001964,5.37400489351851,4.48539560644144,9.27647710647872,3.7027500043912,1.45551561323846,1.87275289642143,3.91279301242183,1019
33,Item_33,5.2753921254581,7.93541228381682,4.28813618145304,5.26216851289037,5.19089512184372,5.15640111418979,7.0244303060172,3.29145944243769,1133
34,Item_34,4.59511567518975,2.48987441982721,7.26691191396115,5.57830972393177,2.34902655438991,1.69913389441948,4.23700310522294,6.27109757771642,1748
35,Item_35,4.08204201874412,7.72344822536353,1.5057317018213,4.82828555052424,8.48214193924138,6.16467400651267,1.52360771151868,2.33010604826656,1071
36,Item_36,2.82767597621234,6.99616565562612,7.4909053909233,5.3410177158556,8.99468328766255,4.04516692176271,2.74365619275384,3.783733167135,1669
37,Item_37,7.58623164412683,1.16631721811039,5.11730612571191,3.05542547146759,7.5032781470028,1.72771241801375,9.2983481487023,3.78489940333163,1648
38,Item_38,6.05399751772527,1.32308725122783,1.24033920958689,6.08173577928266,8.33692165341483,4.96085709393224,6.74414110159344,2.99365170586894,1276
39,Item_39,6.12679622426365,9.76256248814456,3.21977615234902,8.51740845110459,8.33368068989046,2.29806139978883,7.15354409318523,3.63946131384981,1765
40,Item_40,9.87137521995939,7.82377999438592,6.4112890127883,1.21121980664799,7.99285749149843,5.59498660005516,3.18128298843269,7.76771532369319,908
41,Item_41,6.17494574800193,7.5109618186548,4.34023934955489,7.19732869425215,6.14366416738014,7.10443803309282,4.41473213260895,4.92160785500127,1596
42,Item_42,7.89113141397346,5.53472523168211,2.90916784638326,3.24790820698783,3.87169652121316,1.74821270859227,9.81665555927626,4.03827846293407,998
43,Item_43,1.97780481455489,6.3889800873993,8.61197842746914,8.29389155261809,8.93917844213306,7.18171400531239,8.52933829106462,9.07940612635027,1175
44,Item_44,6.99432606428267,1.76621532187497,9.39061703977884,5.64152751937625,4.71493274281245,6.43710186363481,4.75632883072923,7.00705175957878,1190
45,Item_45,1.94376844404643,8.04569630130995,4.1488941553411,4.18525685262073,6.92274567497466,8.6184249993156,6.38829487437292,5.46252079093692,1582
46,Item_46,7.4540512021419,8.58429900423067,1.47365139427633,7.85637264228801,9.35436099151125,9.69364908688971,2.07946925241082,2.21945146785937,1004
47,Item_47,8.35942169134392,4.8261854960799,1.13317410300153,7.28224704250211,7.10938147923526,3.53047467273898,2.20080415796216,2.68253499666642,1329
48,Item_48,6.93216897921605,7.03659744970367,3.66380789078609,1.33169865801732,4.15800773697456,7.21206527027144,3.58791452139396,4.89214900985578,861
49,Item_49,4.51598389762515,9.66977842657334,2.12421197835162,6.34468486488849,8.21351469376313,8.74642681191967,7.48454575772917,5.54397039257303,1515
50,Item_50,6.63999229078126,1.39239311049449,2.97149769934962,6.97443101249393,3.86602397313037,5.55619792538516,1.09900945737313,8.28440624021112,877
51,Item_51,3.83061568037733,2.26636440472216,9.50249742825902,2.68079445188189,3.5170375987293,8.20959632186554,9.59758542499962,6.32494302953024,1402
52,Item_52,7.62816817594127,6.80505282482601,8.0720346390882,1.2880834405878,8.00783608963334,7.02882360951781,8.50700950010054,6.69724607713699,1835
53,Item_53,5.49377747315355,8.32922973635989,1.9893511815267,1.09686187104706,8.63098561047353,6.59043867361185,1.02638023709466,4.24035943669516,1831
54,Item_54,2.35457864875749,4.65887386911687,6.49440096200967,5.79951834752892,9.47138729469966,8.71203648390235,7.44700345136454,7.02249290695384,1413
55,Item_55,9.26773060514727,9.34189894542634,5.57749216180013,4.15665640467486,6.4598481901709,8.26535171570844,9.0653537937881,1.14192077048828,1620
56,Item_56,9.27458695878748,9.94768003310227,1.20213456950495,6.3336560052663,6.30628797082098,1.40132616968862,4.87834246701903,7.74553345835435,1458
57,Item_57,6.35136428564425,6.28096803912264,5.89900297193065,2.78825455518913,5.87826900179387,9.21596525570985,7.48812455664031,8.26965770632812,827
58,Item_58,2.80592319788945,2.63690199636777,8.01191632687762,8.52181045133223,2.57641512698026,7.2885122849091,5.85148965481265,3.07711330880778,1717
59,Item_59,3.84384057157943,3.55501339651629,7.37748367979046,5.11734450503818,9.4493057299832,1.11565439870231,8.42542185312512,7.55256326465228,1956
60,Item_60,5.67760550242576,9.3184635058409,1.59788662243953,2.86768072516896,9.62796382791143,1.16340649381271,5.1203321995687,3.04788264013936,1696
61,Item_61,7.80869774610041,8.44453675343826,2.18026205745944,9.11729746269144,9.59838562953102,3.46249257738239,2.52629120054376,6.97995051970649,1094
62,Item_62,6.32972462142242,5.79775456544088,5.27900431565022,4.83982851164907,2.85514853465232,1.49317467117973,2.4446074091286,3.07528082920604,913
63,Item_63,6.93550624264557,5.22911028854069,3.86721012791269,5.38666207690988,7.71384960754667,6.30938969937709,1.55998710182581,5.23363640141156,1831
64,Item_64,4.95398565005119,4.16990884434337,2.35814424320596,2.48551940371832,1.79509235327644,1.16404225850593,3.37414119522959,2.02483678793435,1793
65,Item_65,9.62937429080667,6.94549227068405,3.20223432020887,4.78566192479024,1.9254504986551,2.81196151180945,1.05342751659164,1.22084383576333,1734
66,Item_66,2.98535569110769,4.20753346814628,5.75041147539859,5.83166145918752,3.99778056210578,3.67801057999004,5.416037385508,7.59630621347521,1421
67,Item_67,6.10217570231574,9.32087872570053,9.25978776973422,7.62343796656174,8.6858426062704,2.57456990306101,8.18544318440505,1.79530233524773,1768
68,Item_68,6.11113673739579,6.52607063726056,6.65885766090465,5.70781079265315,3.19572277718061,3.3431141532134,9.21209204145541,7.13234311634308,1614
69,Item_69,5.69918533560978,3.10549856449702,2.543608103775,6.72043750198177,4.02023488962628,5.38618922323357,7.14737456156562,7.87398393620982,1365
70,Item_70,1.91060625872334,7.02862701461866,8.47031823126182,8.58307100961673,5.48454390502869,1.31284771363599,3.52472774596061,9.71768908513126,1522
71,Item_71,4.95650689650643,2.60800787272659,3.62145299829582,1.51978638217954,5.61318702654655,6.14949418744211,8.32970648063017,9.90571208566253,1690
72,Item_72,8.40762672032369,9.45890985942202,6.13189188269123,3.56204951203543,3.53890635095215,1.63810399123781,7.84236448945917,4.37427318941664,1203
73,Item_73,5.71018463599408,4.51931725194428,9.09478600242534,9.69034151114129,9.91486255223125,5.91636668075543,1.87672881175592,9.11459249859056,942
74,Item_74,6.05645128615153,9.89407574037978,7.85804708200815,4.53112147894433,2.71479074212636,1.51885409509915,2.70394917674447,5.97248718985394,1198
75,Item_75,6.77635249090412,7.48668100253636,6.41701576360174,5.24697392779482,8.52881533672042,5.04883522778725,8.12529287154891,1.19286420211951,1444
76,Item_76,2.62057081230803,5.50859409828283,7.14129209253662,3.65430267440128,4.80040897264746,9.15821003449399,5.28532245849552,9.2122981972071,976
77,Item_77,9.56501437749661,8.33524245620735,6.34718892107097,5.32304225646737,4.62428528840828,4.01908750812927,6.77198849700325,5.67896800174404,1891
78,Item_78,9.4408503208491,7.81674172121039,5.56071977593327,5.43608009406573,1.21154179537733,6.675700052203,9.15400001597195,1.41140161137252,913
79,Item_79,2.5561043896145,2.89015246328339,9.38876622290358,1.67220470479381,5.22261505122075,3.88472236650937,2.16917244221606,3.08318509656594,1735
80,Item_80,5.45265483310637,4.13409729317945,4.39462932859798,6.5433745372192,8.38596206685789,2.85914146471238,7.4278050733943,6.89608083819108,967
81,Item_81,1.58605353236901,7.01807648651484,3.19653026558411,6.41674577009537,7.29095287547839,5.66859263762336,1.65966054957083,3.98446104451493,984
82,Item_82,9.45406464501951,9.42918342810158,3.8512973309428,9.74977782856003,7.87486114266021,3.58419745120575,2.27236978486405,5.84850439662611,1427
83,Item_83,9.57521099818356,2.83710672403604,8.03125483652658,9.36265921323779,8.38042665551757,2.98623233850475,8.42716307778362,4.92198074617674,1869
84,Item_84,4.28868489316055,3.48782309000901,3.05520519547116,1.99030444007171,4.72434978894568,4.77915040660304,4.47789392839319,5.72303459464986,1958
85,Item_85,8.12202012778698,4.70702298247184,5.98642754668486,3.38731891148632,9.08185952500064,2.59405433409762,6.18161600071259,6.02472882288627,1083
86,Item_86,3.69564383986643,8.85043218773068,4.98243750956924,5.26701844785474,3.87204528782814,4.49184300879246,7.56791996282988,5.57932928609762,1283
87,Item_87,5.91434349225382,8.64953253900828,5.54438473176702,8.44364015843626,4.11181430573332,6.1110613388796,6.44729799310316,6.74614219537367,954
88,Item_88,5.31266191212247,4.54183125640896,6.91772882691763,5.05340238166973,3.52477465299863,9.43972316619226,7.25827646374813,8.44578754847929,1932
89,Item_89,2.47795407528136,6.44212719757601,9.13949661405128,6.40932396444526,7.89782518892327,6.70420789876733,1.97201921300204,6.90932987728538,1384
90,Item_90,4.69299138315337,3.67948866649035,4.67063757115951,8.50757772115623,2.17644593022045,9.22464533239872,2.34692949567909,9.25276424031276,1564
91,Item_91,7.74338618855259,4.75263918764731,7.08133891709402,9.01823628439642,1.01844177358829,2.04433608250948,2.43756191256875,4.53594571035668,1809
92,Item_92,3.34279029516344,5.80272598066763,8.24171461624056,7.19163819634279,9.85852211905794,2.37089151613937,3.62748221087563,7.44901480986454,1835
93,Item_93,1.85569017733997,3.01635798493754,5.95496197248293,5.35106960266837,9.45063356928162,9.11977747020238,5.41903288455615,4.97039728428948,1160
94,Item_94,3.09586658869188,4.6096537306343,8.20834065208081,5.80536231398239,1.53782472682059,7.2374332444823,7.91030760358462,9.56672743932727,1656
95,Item_95,1.58515706587714,9.9665516082321,1.59280370330913,3.82359433021272,1.246053934941,7.93448867472117,8.15848951927156,4.69389768826935,1355
96,Item_96,8.86987539221657,3.75548611233112,2.30259730478816,4.98824607383813,9.77439838158244,9.76173422437089,8.44149741252857,3.04168016993344,1843
97,Item_97,8.9959413945525,5.42131632416322,2.13342041871286,4.14331976991412,4.40281191880029,2.56197485184027,1.02142702743949,9.17978413105968,1625
98,Item_98,5.49590810709061,8.66748813148235,8.42703462872233,7.86172825419394,7.87387089190379,8.64751321912315,9.14562435265024,6.47033772643533,883
99,Item_99,1.81738714123171,6.80231466383767,2.06087032630487,6.31179792444906,3.8167937565483,9.89559778069069,5.38236636655727,7.02589528671135,819
100,Item_100,3.39652500478425,6.25591119006713,2.54791107804309,3.91795092999222,1.998790196923,3.23970401923503,3.67247050536808,9.77833935090531,1369
101,Item_101,4.99500054574396,7.43171691698698,7.55687771974283,2.17218661686017,5.99426562689503,8.11457613038498,6.21170243342742,3.91371166435719,819
102,Item_102,8.99819433940713,4.06519550469718,8.88322362826056,7.88357237805458,3.19632446096831,1.57302523510529,9.09180068535274,7.83464870303125,1569
103,Item_103,7.62859092437765,5.37092846305493,8.92488991234075,5.56359751608611,9.1518913504521,9.13547543110513,3.55568509893341,5.50910204890993,1428
104,Item_104,1.59406863887989,6.30935207005289,3.45396082450277,9.13167484827667,9.89409534245289,6.13776447339801,4.87231027629736,7.23155622468913,1851
105,Item_105,7.23335751885676,3.75229094397652,4.26395684752722,6.1665973732356,6.05695195334786,3.25021137601553,1.47025245241881,7.62476974831258,882
106,Item_106,5.87617087600834,5.39237770840595,1.22040545562422,8.41455959862172,4.45671409873046,6.58194439968675,6.08870369445589,7.23459485298595,1836
107,Item_107,4.22470998388352,5.84349112085426,8.69161803528803,5.88622525811265,3.65447139342918,7.37313180313992,9.36789107243353,9.1256345724235,1657
108,Item_108,8.17982971461998,8.73063416492163,8.57417779853783,4.70764778076705,1.45163745340175,7.80431454443787,6.22412041695258,4.98143001620338,861
109,Item_109,6.94940951024358,1.23672276614169,4.42345697584039,5.21208761681087,6.86969744721114,7.35738154595554,7.20235290225564,6.07811711624701,1776
110,Item_110,9.22347860798176,3.60678039866359,4.41655887757803,7.08226987924045,8.25667111790766,4.88597293772065,8.66741001635586,1.37882906574465,1737
111,Item_111,2.51067924513954,6.19638674995196,1.11079456678059,6.17884328457193,5.62001918233383,8.86611974961706,1.3175486377114,7.11326829429383,1573
112,Item_112,3.11493542013177,1.70425954287886,9.49806790261264,1.97690568294325,4.42630860419875,8.55368521277995,8.65476269334001,5.04806991143441,972
113,Item_113,8.23943307825526,2.09667837219543,7.08859197162428,5.54915324671668,4.82763690355566,2.79870200709238,2.43130595005093,1.12162728242152,1436
114,Item_114,6.43584958982913,3.82837355308594,2.77409742306555,8.93300994103669,9.49979735387861,9.28713718258878,9.95015015927278,8.0322850776048,1739
115,Item_115,1.14697228725529,9.52481096514276,9.66408071423797,2.94179687114897,5.81808669474811,9.98548017925401,1.54437602373679,3.00199182478257,1742
116,Item_116,2.61746876504688,9.45275764980901,2.82279653507258,7.75368812602264,7.72901821905898,3.62660412168913,9.96015536439594,1.36188151171113,1282
117,Item_117,5.70433651854587,5.07449248886393,6.61803451289364,1.40078441312371,9.7369464415394,6.58735078698294,1.76037933940511,5.68354152607625,1104
118,Item_118,1.49559348966384,8.93017327395819,1.27361772469073,9.46779737753329,8.60209420856026,1.01004447871057,4.47394532277272,7.25385643685516,1330
119,Item_119,8.07875536687746,2.10605454799346,9.05345063965427,8.51678294489308,5.86984605389532,7.83627931977608,1.83773981260103,6.25482960426561,1617
120,Item_120,2.69388896318982,8.71809727363465,5.10714720029928,9.56660582445503,4.21305327356152,4.60970545345756,7.41535859928386,6.03124959728243,1199
121,Item_121,7.94966076613428,1.35329056031976,3.4137704803209,2.93393007564453,2.20800444534871,3.13423391118449,8.64692169356191,7.42343199089888,1619
122,Item_122,4.70471563011879,2.8900659020832,1.88617196716615,4.6688280705929,4.51362009926852,3.93135578640128,5.03735689437283,2.57019395363831,842
123,Item_123,4.08884980181558,1.40653891456132,7.78024689566858,6.25497867898198,1.91884360350237,4.38728516223921,6.44699446248467,4.3516928431543,1599
124,Item_124,9.89301039156063,2.13967680026111,4.74938291470383,6.84410107045019,2.65343816184334,9.18734368126908,8.6233231141935,8.4028386292887,930
125,Item_125,7.19888204429577,3.90298384981859,7.08363814860589,6.01366856406137,5.99270063579037,9.53467699040858,7.20576896283292,6.89871433777241,1072
126,Item_126,4.03553039582088,3.51642377909843,7.32113757256799,2.82557862704396,3.22123447242298,1.2956198446962,6.54467394457283,7.06947860354607,1412
127,Item_127,2.01896348543123,8.11629662713746,8.65832567160287,4.15314189302593,2.21626735495842,4.06396114998004,2.80330708632082,3.78356718416,1292
128,Item_128,5.2235478646756,2.92186390965321,2.05347179453246,3.89670915393707,2.23086960227278,1.95924950701579,8.1163981681445,1.43659048146565,1878
129,Item_129,2.7519446293699,7.52654626955102,9.57143889248105,8.12625752639248,1.58648859997299,7.11678038069156,2.93791807368477,5.69568248362844,1307
130,Item_130,8.64335673202715,6.81970764575209,1.767755634368,3.57363702718257,1.78088137500645,3.20239369330779,5.85255131144526,7.30691076323283,1877
131,Item_131,4.71275660705835,5.09015842102401,1.40510912713763,6.07990669235416,4.61406068582291,5.75148059678922,5.84406431053301,3.31190785357173,1201
132,Item_132,6.93282908870362,9.04184478074401,6.210124205651,1.15214103733855,6.81547845308912,6.46288266884335,3.9107460374435,3.54732779522405,838
133,Item_133,3.33852268998518,4.35786909437799,8.07479635842157,3.914038071637,9.99430588165546,7.1032854000185,3.75481271352958,3.99795667482975,1819
134,Item_134,6.40996098146301,1.14571995087258,7.60615724504481,9.1108400155086,2.18672436337891,6.56628244338893,5.76182497313909,9.84143452485638,1035
135,Item_135,8.41732271246481,4.72810926309046,3.82141231043392,5.05156765515874,6.22766706663967,3.34508173596648,3.07253234129347,9.2094091916469,1280
136,Item_136,7.43854822884322,9.3217694502222,2.26789377334311,9.52748023440773,9.04776643090269,9.649975340868,9.20488537293124,2.45667629245403,1863
137,Item_137,9.55063082499442,4.88485554150113,6.90596619899203,4.07440431369183,2.96503046096458,5.47054054166288,5.81984939186885,9.15202900793297,1140
138,Item_138,2.49719525014926,8.55178600823352,7.54146457096133,9.19428532536383,3.97391750480917,2.85483989135034,8.04310072729106,7.03634109479704,1671
139,Item_139,4.66874405198235,3.32815186589189,2.38451426389359,9.84361620705062,2.36397678802703,6.57355641320202,8.98766345175645,8.15702476026336,1905
140,Item_140,9.30276362132117,5.32490200141577,6.02680637810197,9.03630570864304,3.29590855559003,6.9012187843087,3.60185768974741,7.99938530843018,1249
141,Item_141,5.99620918602849,2.10730237134204,9.00278818059407,1.2589387013013,8.53304440130962,3.85965426775509,6.84166927565056,6.64424459775737,837
142,Item_142,6.97624213217246,5.43492195129305,7.47268529780729,2.26816600259211,9.89239234504538,2.66832980278646,1.5333501169756,2.66091772755194,1447
143,Item_143,8.44774595899108,1.65475891869852,6.0307005741875,7.17095963070261,8.61559052123859,7.33254277995015,7.16376816268185,2.12531940351684,1020
144,Item_144,8.26113673371796,8.19183155241605,8.11243329132979,5.48892281263605,7.43081066354534,8.53069214521267,5.18448809549363,1.82095015487545,1322
145,Item_145,3.93495404052175,7.99283571249751,8.0837852705239,2.84912533011539,7.67003740341262,5.85502563221337,5.67867833317357,1.57291729241159,994
146,Item_146,1.9535164693111,4.55093426153775,6.48823423389956,2.7407785742483,7.78798371986148,6.08284871151811,7.32267261802638,2.9870238383263,1094
147,Item_147,1.67112586315119,8.53144875228042,2.13858631375103,7.52527230333523,9.09555329202734,9.93378729437533,9.82106477194075,4.99756871338719,1960
148,Item_148,1.25001013648925,8.45082228890082,7.05632122794926,4.92018747439184,1.57772660349401,2.5858144464171,6.33583689023658,8.90504104937285,1414
149,Item_149,7.5399313127939,2.85899921954594,8.77968252634398,6.55195918398615,2.74856626723487,2.67764937461941,1.1792168777332,7.24758370376818,1684
150,Item_150,4.22484450630159,2.87968292815066,5.67407746607267,6.71590055911844,8.74852185420011,9.29029107359214,8.34243323767039,6.90158929647196,1804
151,Item_151,4.56543255266279,8.29561413183096,3.4909607744981,6.81783424025082,6.52266489797139,9.42321312020902,8.19102794092263,2.54967445569762,1822
152,Item_152,2.10822039900929,3.34686150700334,1.38576855028502,3.24622915609631,4.79590519142371,3.32001404213805,7.994034432967,4.97346092129005,1889
153,Item_153,6.17435170319025,3.89836651055031,1.27129284965288,5.72757737575463,9.99023458380947,9.81894387350135,7.34476751880808,7.63246382514341,966
154,Item_154,3.82248314710645,5.42077361538583,9.21671207797093,1.93827066915895,4.07048051227365,3.47520675163618,5.70454971333868,2.61622295115623,981
155,Item_155,3.99411308600073,8.27337079693995,5.75782413162023,9.19010989124262,3.79976913467942,5.59613893118315,3.02622590845542,9.31305851310301,1421
156,Item_156,7.51467192542178,2.66986940160777,4.56195800343224,4.67025582724393,8.2830029321198,7.53976908557636,4.21045713878064,7.57701913077005,1604
157,Item_157,4.82379955195542,4.34606927237188,6.07543418285822,6.33852617616667,2.13571536512075,8.98716301571562,6.41532876600703,3.88326504891078,1535
158,Item_158,1.19316363603454,2.40955683701909,3.03361785295344,6.96905660777816,4.18153602104183,6.19468969847565,4.56342714585123,6.1067224677847,1047
159,Item_159,5.14119268567902,3.65350014650118,3.00615151091864,9.2957770270616,2.42361315337051,8.31807053152158,3.92514872131742,4.90102717132162,1100
160,Item_160,8.93425788972997,4.23592888105742,8.32094911411013,9.74626729606973,5.5937882956378,9.88000310226974,1.02039237116174,4.77695300239274,1911
161,Item_161,1.00458158243469,3.41024130622816,6.74912187971061,5.13395071832128,7.59641928054328,6.14227526711389,3.03995750572332,9.87308574419783,1102
162,Item_162,4.44805145389159,4.59101195508947,9.4051399188848,6.14319104827869,9.06691502789986,2.16526039856247,2.27401529477106,5.62224660301195,1692
163,Item_163,4.83151695037099,8.93546378696684,3.02677162069566,2.46297893121564,8.47193514932621,9.51596327524187,5.53490119114438,8.98985298604537,1089
164,Item_164,8.96801267351668,7.95140395180476,4.52487924040399,2.43825687825647,5.53404337126914,4.2024784027057,7.0146910170893,6.98641508913448,1240
165,Item_165,2.44871215307115,6.85177773709813,6.5355928844784,8.87272369981934,7.904244930625,3.78049698545636,3.5690093138131,2.75850472677604,1307
166,Item_166,6.93091521668564,9.70201847663132,9.07763720086284,3.06023409611507,6.92556330579264,2.80128760177993,6.48561677271297,4.05339471623942,1448
167,Item_167,1.4096123399216,3.04192569299143,6.36858006936023,4.84054529240287,3.44588547954547,9.60522764990604,8.09736799429754,6.78895517371806,1368
168,Item_168,3.36381318282605,7.17872332290966,6.19233700748472,1.00035480918023,8.51889834201341,4.76912554377491,4.71494974741607,2.56515025065365,982
169,Item_169,3.16021363689508,9.02659413943725,5.31060785675241,3.21975916967454,1.61897952593826,6.59380359136941,7.04150837454864,6.79029786447787,1368
170,Item_170,6.76920509857711,5.67420460236629,7.88609008749553,1.45695734486023,9.62436624033884,8.81709272980862,9.43029989347474,3.07175285107475,1231
171,Item_171,2.9735590863992,1.89798398791211,4.72439064254756,7.84214372621922,8.83015717763584,2.48203782904555,7.87499295996306,5.5879400578541,1096
172,Item_172,8.20368205333087,4.66270523615145,6.55708941559835,2.18338572772424,8.26510602958988,9.46766405175732,8.24975062821652,8.88059153937523,1789
173,Item_173,5.12897485761325,8.00060812191918,6.37958718043911,9.3489464319314,1.72195916816662,8.96340930082015,8.77930400901142,5.77840506176971,1836
174,Item_174,9.9718062724691,9.6173947565773,9.04787867418104,3.68746789318155,3.03119823994091,7.2659167718253,9.18405862171538,7.12576417535534,1004
175,Item_175,4.98338991516651,6.38030329973008,9.22207489020964,9.10716024186734,3.98651421497204,6.80599437507958,5.48187967790068,8.05199677022068,1729
176,Item_176,5.50932248279858,9.58137057806777,8.60971730337299,3.65424900657493,1.68913399514133,4.06162003669316,3.00883296990291,7.07391127680828,917
177,Item_177,8.3386720052868,8.756472636341,2.66184668342684,4.64506658755989,2.16970469010332,3.821908517849,3.92663489403361,7.89999460335985,1639
178,Item_178,1.23307811189182,9.7652074370095,2.7235498186816,6.94146886014102,7.87227610179721,8.44419644144235,1.62518848510937,8.35625630203812,1514
179,Item_179,5.13943751218584,3.54189899538317,5.01741417309339,9.56491359113116,4.00848078561267,2.6981185890125,8.96890667441147,6.13882534418971,899
180,Item_180,3.16496186994273,3.82713953571531,2.54391738919962,8.25990396807344,5.81078985088151,6.24704443577221,8.30347192835724,1.68220417054089,1918
181,Item_181,7.94433631254085,6.92223161887832,1.99935725819656,5.18517510460112,5.60051706916471,3.60188454696225,7.60346521105437,7.25836868617016,1827
182,Item_182,5.14318940291104,2.4107984207181,5.06595134201945,8.22670674309437,1.08489264185743,3.12634039708283,5.82854316149207,4.46761357315006,1973
183,Item_183,5.48435661044663,5.09513675697073,5.09461191852853,4.21922035895705,7.84196030316159,8.13789431259495,1.26366364590743,8.45870642372994,978
184,Item_184,1.69097399639384,7.7904873404357,5.23105198736678,3.75154369475229,6.16382716419626,4.30008635976582,1.83953971376052,3.3393013695437,1692
185,Item_185,6.02571372729344,7.10140988845358,3.38754977380464,9.12830798674205,1.95366318157088,9.32308828339954,7.17650876101128,1.32118050862237,1722
186,Item_186,1.2195942767384,5.16086935232607,6.87943772476903,2.5787642730362,5.18057188450364,5.04869849448603,3.32477973993583,4.480981580562,1785
187,Item_187,1.63938003829388,3.12771528718068,8.46486198056454,1.02479738465545,6.81219843550801,5.08592539670103,8.18458149014057,9.88440908073868,1031
188,Item_188,7.41297128688701,1.55728579434264,2.89923467364472,3.55031709835211,4.82760125067465,6.96263765877377,2.91286870755605,8.53086662200296,1469
189,Item_189,2.94056038962927,6.65807288753785,1.19164791902638,8.42162071042575,8.27089120088954,7.11753228877105,1.08891427844979,7.94546512283382,1058
190,Item_190,1.07699017449406,9.35009124746633,4.22698713420859,4.03300674049735,6.49795629199295,7.44696745610977,3.2243020495629,8.85739749284697,924
191,Item_191,3.73669383545319,4.29080834903979,8.14907844069294,3.06179953331118,8.39527129432915,8.85244202193105,4.93921050901066,2.42084358279231,1046
192,Item_192,1.69040945211608,8.76216344426151,3.7542637393136,6.09487331004805,7.02283930971947,8.68477091835796,2.1669093896029,8.55452736264817,813
193,Item_193,9.46462405046489,8.69859017832568,8.4164924034927,3.9358708102038,7.04891002349679,5.12441218190316,1.92723937240423,9.23393910665399,1969
194,Item_194,2.33639782519816,4.60365625238987,9.91347254660035,5.43382477478666,7.6403758303107,8.84054375050977,5.90086886034347,9.4993271043165,896
195,Item_195,6.5869702320048,9.65290801666108,7.83103001624059,5.76185836953596,9.028220625049,2.04451569007973,1.66917196346723,7.89063701248513,1092
196,Item_196,9.74106060920918,1.57420606508964,1.93721391108889,4.58019339200574,7.62789276890443,8.23761078862723,3.36549735394388,4.6134346742618,1281
197,Item_197,1.70922139200421,8.88515494090802,1.49797119876381,2.46355601191545,2.26037443816254,7.47421634883359,1.30564456531304,9.24757926963266,1795
198,Item_198,5.25322278445944,5.81314853063374,7.50922527688346,5.46204012213988,6.46401076592767,3.47045484966884,8.01013642378301,7.8390879598899,1709
199,Item_199,4.67128071134728,3.97716919919097,2.72288216261854,2.73483517350692,1.11821853427584,5.4911432154223,8.46260579143778,9.10174269543162,1956
200,Item_200,1.97750330678539,4.06771444799179,9.09261883957488,2.63455288418617,1.81276249833919,5.54425605105567,5.90845603686001,2.72304495177118,1703
201,Item_201,9.00636182049089,5.64048448712061,5.4024285532902,1.37879850799091,4.27570025940081,3.65001672801599,9.45231562535864,8.08191477054239,1343
202,Item_202,9.13057499615751,3.57575038742891,1.69310984482107,6.04033283079372,3.52660264756386,3.79769036935649,7.14648247275857,1.14144785902663,819
203,Item_203,8.99184345367094,4.07760402435843,1.58570181376351,6.78916011937604,2.80324412975888,8.10433799317359,8.31821287438943,4.03624530452937,1204
204,Item_204,2.18016915290128,2.45213569579557,2.30904506048607,8.98326193875949,7.00870048516837,6.601185738479,7.82954537650576,5.03841994042076,1176
205,Item_205,1.4669057994198,7.13787789193348,3.54655175077714,1.65422538018879,8.95790125860278,9.61428158027306,6.46064405346318,9.9492422765064,1406
206,Item_206,5.75187013241035,7.73470711584536,4.39333941395574,3.55568569532127,6.7197770906814,8.8166283764699,5.02092157705625,2.67402601938687,1109
207,Item_207,4.39537780603371,7.35997097334635,5.33068092519872,9.83120667734605,8.89844529498731,8.90532518676706,2.44601329479815,2.04003209062778,1791
208,Item_208,3.0928094185036,2.14274614597249,8.01177968612415,1.04804855273511,7.53549469152779,7.01278371817459,2.64998160747833,5.35597136248258,1289
209,Item_209,7.19573118745775,5.72647168114817,5.39819299777608,7.51905457634392,9.65831895122225,7.61251680636253,9.2079988281806,2.90360851048161,1496
210,Item_210,6.62650558797471,4.20708584772125,5.54728473657675,8.90938040500746,4.63476904898299,5.97133217632389,4.54621403489043,1.1937754223418,1885
211,Item_211,7.68559011255166,4.29728435808038,8.03736509077696,2.20714069186381,4.57250378624259,3.27818855501838,7.29235172050017,5.62173600549819,1252
212,Item_212,9.21308476650889,1.16204065278559,1.48148007798546,4.47909388021333,2.39912027062398,7.0701110995043,6.85364397464707,1.68144085982392,1128
213,Item_213,1.17917796144114,1.02110764011056,1.80018299767553,4.22987476830345,8.42964988369885,6.7057862891845,2.41595377156964,8.73836982650149,1150
214,Item_214,6.98516369175605,2.73381682877213,1.46676202102271,8.83199286625832,7.10373667530613,9.05997843284474,3.19879434315579,6.27689649342615,1636
215,Item_215,9.33585428390327,9.81205495446751,1.05803881658894,9.51477389794535,5.51016617541731,1.73445377263041,2.6657595260642,4.8104093221265,1198
216,Item_216,1.66347630837717,8.45374778290777,3.76520900395168,2.28123311712565,3.07465239741467,7.27923919015288,8.01106297344219,5.1449702325977,913
217,Item_217,2.31131872550548,5.98213981169105,8.79267567355829,3.43063512784887,4.7584797443592,6.43465738292407,5.10898820782701,6.77595312570234,1923
218,Item_218,5.56376561566846,9.63420339070061,8.41098959009975,5.088006165279,8.67477473241799,4.0186012239978,9.62755430970193,5.13334122345279,1754
219,Item_219,4.09622600801464,1.28889826759214,9.45063867121645,5.91710385735036,8.69630087814231,2.93096810155223,2.99698563157095,8.13881439014682,1426
220,Item_220,8.13651422732995,8.10894866779529,4.90184979518619,6.75664147946747,5.31215371989957,1.90381857277681,6.69340595891852,4.04965904187399,1414
221,Item_221,2.63077157400078,7.70931142716184,4.72221642394827,8.31853197619142,5.33634007666319,2.66521999166775,8.25812285683211,1.55638723056684,954
222,Item_222,5.49325216602163,4.63801445029108,4.28410586605475,6.86685066067111,6.41742085764273,3.78110938889309,3.07330510339419,6.69162578858953,1050
223,Item_223,3.33048040988816,3.16590832286845,4.96901501188514,6.45540699426337,6.61367671367671,8.72616115784056,7.70907315952736,1.31150431285215,1722
224,Item_224,1.38012446107172,7.61939384770817,6.70469792714253,1.6292648758211,6.94331977926422,5.48412249608882,6.00365374477533,5.78042935088515,1816
225,Item_225,5.62651633980056,9.73191663779323,4.41261555502866,8.95518226217114,7.25566988833302,7.71461661627744,7.85395237893114,8.75849366957748,1000
226,Item_226,7.71267742444294,3.17595079022918,5.79991320665251,4.12968607399393,4.67909402671271,5.31698170136742,7.5520043601102,9.04823190345618,1152
227,Item_227,6.67739586241256,4.9028793256639,2.17308544710676,3.32241703139497,9.32071157135456,6.32039442521941,5.98351142969542,3.19690760940666,892
228,Item_228,7.66143887334378,1.93798063748291,9.95511521608197,9.77792655416645,2.93261743342196,8.4972493519353,3.52421124989991,5.56902180886431,1481
229,Item_229,9.33536623571433,6.43168570345233,1.39086490081782,2.878032990707,5.98798438402143,3.61287378039061,6.8716744963362,1.79696947223535,1571
230,Item_230,6.53501573689059,2.67400423006929,3.65390406464523,5.39138477168275,3.64152342422005,7.75313341296177,9.24532779357004,2.27088146508027,1443
231,Item_231,5.10336072980287,6.24540835430049,4.21361382456606,5.15920809459347,8.25199904279367,2.76654947148565,3.78104206825702,1.26199139652101,1759
232,Item_232,7.96024023269715,7.51789633694572,6.11511059393724,4.2149884866728,2.8502539647581,9.03260038579843,8.26800865526486,5.20504171309283,1604
233,Item_233,1.01539736710851,3.04645854730695,6.29968748194059,4.04487788073739,5.17498071814035,2.68946963539113,7.72087438245505,9.44477538385464,1797
234,Item_234,5.30351551174274,7.85109919929799,1.27425153402293,3.40812643960535,1.59497032555873,7.36308689807782,3.4036918849656,3.95514386665948,1296
235,Item_235,8.37767919257998,6.6481826475933,4.46226492577537,9.44395631952369,1.9732651140344,4.89513594301739,7.0130932466447,6.43748970201496,1180
236,Item_236,8.89974144015428,2.14291809448201,4.46497899358287,7.63248252363818,5.46363380695772,9.80672228534354,2.89722768096249,7.05199254531653,1617
237,Item_237,9.12284646222031,1.66443950222499,8.79942997979697,9.96379630287691,2.35102460209134,7.5268132510139,9.67814571735698,2.61765092941055,1179
238,Item_238,4.45588331096223,4.93633936807552,8.03980735029527,5.57815669498546,9.77376848492349,5.89605522054912,6.81159356552678,8.82718118308824,1275
239,Item_239,3.99921220835429,1.57012649126868,9.73589159350286,3.97491479350496,7.94704761855844,8.98939947127176,7.34775888479273,3.3904598828497,1402
240,Item_240,7.13758296799392,1.07225496786689,6.62693882603466,7.34444933314329,5.17232914903115,1.23972929275169,4.27324092749956,4.31823524370658,1283
241,Item_241,8.23084667648549,3.33669803625737,1.82388210343324,2.07178379336929,8.47512286500243,5.34893545551201,4.57833864141064,2.06276146778908,908
242,Item_242,7.7677153568141,8.18484552940238,6.71192454845893,5.29495181690372,3.69037216616821,9.37067043335353,9.70110599411592,6.33714446478295,1415
243,Item_243,9.2609462072256,1.29797666651734,1.6546726091605,2.66720774358007,9.36544882764462,5.31231033486366,1.03391284167016,4.59020496758145,1282
244,Item_244,3.1113698093821,6.22545693976303,3.12235746167377,4.02667419511155,9.52017376492439,5.22367329133536,1.59948253644354,1.76961985991268,1991
245,Item_245,8.68716770457518,2.97717939511065,5.88526793898799,7.83571812046155,8.68017555818549,9.11034094927435,5.77701836451004,2.0562571220344,919
246,Item_246,9.05457363925709,4.047753850117,1.99904588722894,7.16351810710195,4.67844553559883,7.59944839336686,2.59397076965975,2.24718933393007,1048
247,Item_247,6.26192559659133,8.69106425287822,3.04915384300448,7.21490085118515,9.47856575623355,1.52428050862304,9.20508207669866,4.15158436645897,1215
248,Item_248,1.38605967816137,8.41707878240696,6.69043365385627,3.30296910041595,7.17803201163113,8.4931986874144,5.50860307404561,8.76451574271275,1339
249,Item_249,1.05592511989442,1.61921962698555,1.13237808921619,3.12337185253531,3.51668558207105,7.58649655393797,6.15537005196718,3.60627300179655,1338
250,Item_250,2.52893662283312,9.88908860419311,1.39462454679058,7.84806664033131,9.43427689824187,2.87028296951762,1.6541469646187,9.4065120938544,887
251,Item_251,6.03637448823466,8.52593537924237,4.78986071860488,8.17797018802348,6.35553655640183,8.9877531112803,3.31864440218005,5.01143168074448,1860
252,Item_252,6.04415822628019,8.66886485555125,7.38618282916971,7.59546424408101,2.71089375841355,4.51449230654918,3.94330377871497,2.50541793301188,951
253,Item_253,8.092511052288,3.66478500374371,5.31778702590175,9.7491790742931,9.1745410707003,8.38343058112476,6.17171321176573,8.20890382003917,1087
254,Item_254,5.60971976896338,8.01239421012569,7.48297899805408,6.72157363602511,3.72624173175098,4.87093881712825,4.48738481896114,9.40412752273519,1147
255,Item_255,2.92999039880033,5.99779039003573,5.76568399442448,3.25325923614982,8.36692578900209,4.50389955551231,9.64669517070002,4.37004305896152,1408
256,Item_256,5.59821977623307,4.33677116408381,5.82928505039186,5.43627819961061,7.70439204926343,1.41086148828816,9.50978850640641,4.58901255675214,1423
257,Item_257,7.00172161071965,5.19003937480981,3.44267780182134,8.19410299421601,9.62936638261834,4.86249012244461,3.3353727021162,5.27942244467424,1301
258,Item_258,2.01847407976101,1.95330044916992,7.36732175138067,8.55596239402974,1.88861757064436,5.72371762227083,1.97320686168302,9.70496980089641,1384
259,Item_259,9.31541484005102,7.20329373009707,7.91121768010223,4.4252215840544,3.99321534982695,7.25303737800623,6.31199397333576,6.67131832768756,902
260,Item_260,9.75836771238451,4.3997804272068,1.75742619017784,5.59551831290607,2.1318178814254,5.95237481618487,3.12280849148516,6.843695411591,1992
261,Item_261,6.1281428451133,4.29570968764635,7.97621312137337,1.18360048133584,6.82152472613021,8.88263737341368,6.22845852545579,2.63758800159897,1121
262,Item_262,9.23549276803859,8.97930644542327,2.91286197292297,7.23668357589232,5.2342972937022,5.79962965555153,3.84668821179233,5.24012101632803,1116
263,Item_263,9.15045691099719,3.89537447190602,5.84393668748265,5.97515167312536,1.04647811601219,6.46441377363495,6.99549382589583,6.8029601951818,1314
264,Item_264,2.49738224020265,8.5941123684307,9.30263778202509,6.70810097708415,8.95495884725513,8.04266202106565,7.19982828849111,2.00341728378508,1888
265,Item_265,3.31149139432442,6.13087412587045,2.54325411440375,9.30961040674382,9.71223661923874,5.72561195624905,3.00014235330652,5.11228932601222,1154
266,Item_266,6.86769355804002,7.69705074165643,3.6863679446943,2.56907035276287,6.60427337278476,5.88161658022118,1.56772760955855,6.15058958736731,1140
267,Item_267,5.6547084863924,4.11807126280989,6.94437075769183,8.97440234055923,6.14925368859185,6.5797763827357,2.64526114820033,2.54312599906724,1679
268,Item_268,8.07678376947999,7.09250135845039,2.70438348327317,1.10416858073646,9.67112968582506,2.09472868939172,9.53577865302453,9.96624492615649,1942
269,Item_269,5.45653340482638,5.35305700829547,4.31276210645868,1.16151717726661,8.80980465295898,5.20331024244502,7.86053604500297,4.42419112898125,1320
270,Item_270,4.67038725274233,4.65994736577341,6.31627394918229,5.92564766911542,6.95402222083698,2.61340891234083,1.65397522506824,7.14753053741717,956
271,Item_271,1.21797068732418,2.99846598255473,5.32289033471381,7.83644845732896,1.388016444878,5.67005385445852,4.62633738329905,3.93526579239337,817
272,Item_272,7.78085719559663,4.64150618221254,3.62136709419038,2.64631922076067,9.37464378421275,6.06727405867267,5.04189220238867,2.85331124338276,1763
273,Item_273,4.97370930816592,1.03329121040289,6.94117825839964,6.45314262004971,4.2252161401502,2.71245800503755,9.61963943708031,4.64768192213298,1509
274,Item_274,5.01443761733103,6.50853949164646,3.2677324463783,1.38429070900822,4.13878829641991,1.42615170476807,7.74958231775783,4.90571965340144,854
275,Item_275,3.47849174232775,6.77877771439818,3.00300044949788,2.27697244976685,8.12556591768105,5.36091096997953,3.80867401884585,9.75609386062663,854
276,Item_276,6.73588478837645,7.11129325664775,2.7969960587228,6.86027179047097,1.03787389623756,2.27962683799256,6.39090206154969,5.33454372985576,1895
277,Item_277,8.78865833944084,8.09777119154622,7.59358991479719,2.75558995401106,2.36795353657951,5.88248849476613,3.53174602028333,5.76586404097222,1542
278,Item_278,3.81272194400241,1.87832500771705,9.92115363371104,3.07865242613333,9.52468610979866,1.21593195503214,8.25029145952163,6.39634024825114,1325
279,Item_279,6.3417781248024,4.48839219408033,5.95529393767541,5.54424262113856,3.76019348852393,2.05313449606504,6.86620312013552,5.95121915092087,1252
280,Item_280,2.88144678933702,7.34168556774654,7.48417107879387,8.00491089908081,7.18897968111637,4.32676828393044,2.4632127723819,7.09587583778987,1207
281,Item_281,2.21848974633849,6.5283869205604,6.14076707084804,5.00454334416778,4.55596854180246,7.66634765005113,7.0381944012051,1.92637207892696,1876
282,Item_282,5.84223359098577,3.52494060474607,3.36471195668719,1.11172236480736,9.12070767108993,6.01734783172992,8.95249745430239,2.05739118726384,1762
283,Item_283,2.01019116191087,5.44863695777675,5.61942411546396,2.92703034276178,7.2028007503604,8.0036492064053,5.10519180097746,9.05357634101881,1499
284,Item_284,1.44363868107698,7.6030445705901,4.9339695222115,5.525926801219,3.32482324596859,8.52587385834251,8.94210759831536,3.35872502835851,1749
285,Item_285,8.05593913779124,6.77809987378415,1.73012720270814,7.91661226433316,1.5651199619986,8.21000351973038,6.48087855797357,6.74101446968555,1262
286,Item_286,8.80765579196935,4.05133826477912,3.64978136431795,2.59092017768422,1.12711588235005,1.40917242307726,7.6487830167352,7.40341545469411,998
287,Item_287,7.2027562988685,2.80954415191474,5.95137302200836,3.45921591536605,3.90611837179881,4.71489859330094,7.61143605390338,5.7668557879429,809
288,Item_288,9.81744169390773,3.99785922062981,3.99685504378608,5.34600770867205,1.28140300923849,3.26031460106536,7.9926491716134,6.82104111100848,1095
289,Item_289,9.11935566827736,9.16003979450285,1.72670075712799,5.86051504165791,5.94918937088758,2.9491927821174,3.03498060244573,3.76606000998516,866
290,Item_290,5.59632941129355,4.32151931744842,9.18921782676926,1.92249771269768,6.64161177497545,4.54523265075566,3.67514955750141,8.46679504725246,1584
291,Item_291,3.18278721877161,1.24062317599056,7.02630488996467,5.50498490441284,8.42661746488347,6.18353020132903,4.74979216874393,5.06820602158503,1245
292,Item_292,8.93148997290713,3.46207202802121,6.55672261264373,4.49485892368505,3.86396220357076,2.20305152929537,4.62783824436593,5.75023030955568,1620
293,Item_293,4.62081088577766,7.43075917618138,3.68362464155818,2.08594218608881,5.86408275078184,3.79023441866451,4.9730260052307,9.26558253789189,968
294,Item_294,7.84480054290672,4.15016606594754,9.31881027294433,7.36864147161077,1.59247636960434,9.77983499936788,6.25689810755984,3.60510531648758,1320
295,Item_295,9.03664337218635,2.9106741731925,8.55938448902231,4.16164551116262,9.7502046059297,3.90419678534542,5.96198385846174,2.30333648151899,954
296,Item_296,8.98267219420069,2.79073471136503,8.53166909190443,1.89917507629669,6.58988143033201,6.87044990742443,9.03511850192123,1.07264407582033,1397
297,Item_297,3.79252358363441,6.90771212979064,8.17590363554527,2.5667044345347,4.29578460772874,8.41060309100937,1.29280382117318,3.03818472922374,896
298,Item_298,6.90059432789381,7.64510093955473,1.7053271653151,3.25284502657935,1.96318803409518,5.62425581013972,1.48047592921164,5.38397375229194,1735
299,Item_299,2.07074369208369,7.1335429012313,4.06486572723764,9.67740361142892,4.8648028369676,7.74540521219522,8.89465656038423,6.05309665987121,1380
300,Item_300,6.97839109309158,2.42520487887647,3.78437600161693,1.2301377110792,1.12378640681105,3.10291239990156,1.40628489402767,6.90827590081628,1098
301,Item_301,4.53768405923456,1.17723917868973,7.03821492618471,6.39902395622387,9.6515059255111,4.95040380932505,9.77820333586644,4.53344900145724,1345
302,Item_302,4.52071661457754,3.33560194800232,5.36678755103946,2.83389586455923,7.94903171922157,3.89984261956268,9.64196333478137,7.60005019365291,1682
303,Item_303,5.64454854055854,2.05717753162149,3.8716688034623,6.33851504582262,4.07581331942948,3.82020473417549,2.04471366927895,9.83814971138204,1895
304,Item_304,2.39416374709254,9.4640759801261,9.79443484557199,3.45951656407072,4.32226823737055,6.58937526683108,5.02676442811223,7.5799797864012,1060
305,Item_305,4.77191006675741,4.21081668627929,4.26097020157126,4.58055741931379,3.32639864438474,5.32122384131939,6.92603551583893,2.14729278659597,1107
306,Item_306,7.74285434722042,2.49231644923657,5.61269501154026,9.45670004371447,2.23447711555819,6.81065151458679,3.36711514071772,4.50325356339783,1431
307,Item_307,4.54500162694692,8.91811679839824,9.64413158552822,3.67474804966846,4.97416388899684,5.72014752369419,8.46469884399147,9.92943229861835,1247
308,Item_308,8.13024355281804,2.58085289364466,8.91114965414438,5.29096926499416,4.91740579443428,8.41606645023865,7.11549442939145,1.85549447343175,941
309,Item_309,5.47794146598325,6.72612121487112,1.56992860817556,7.12579751810444,2.29154158483144,2.76527842968979,1.46061068527819,2.80462844159285,1456
310,Item_310,4.67177639977986,7.46481762387332,2.82347570161267,2.84066818790597,1.56283329762898,8.770738310977,9.71911645982446,2.39489412425913,1240
311,Item_311,3.16307056300759,2.9703454503122,4.16472305952735,8.18852553802661,8.82289239701424,1.77852055527854,4.80238508818176,8.31530264786164,1347
312,Item_312,8.60468683340427,2.73910115109317,9.93871274328729,4.55396779143866,6.78176268279218,4.53700555809195,8.37814931640491,9.80071056792317,899
313,Item_313,3.79860922173224,8.08433179386416,4.25063949599575,9.47960169602428,2.45801177321407,1.69345560672081,8.95895955657509,6.01672926319345,1413
314,Item_314,4.03381001334029,5.11139196487861,2.58893451648066,5.68652487122649,1.90454424129246,9.70936047575348,8.71412398714577,6.67062948546694,1040
315,Item_315,5.65518140208901,2.34426046040727,9.27722947454638,3.88912122960715,9.35237289686505,6.57365465019494,7.1391987627383,5.65372800133636,1280
316,Item_316,5.88712955243889,8.92234768625366,2.12064234485404,1.67347973475222,1.23290488337855,9.91854902076409,5.07325155107449,7.98583204073029,1804
317,Item_317,2.8437917074495,5.72326280700583,3.92470320164386,5.08143039999646,8.56029653200532,6.2625403679918,4.09180701775755,9.34689599180584,1799
318,Item_318,3.8839949355197,5.8189212201953,3.95834236409493,1.44903994892224,2.81119614667394,1.67871714280523,6.39553679197183,3.91574318596455,1491
319,Item_319,5.50660993232576,8.03582195773139,6.51932710418736,2.25800367541564,3.65760285895508,7.49983887051055,6.85248484383373,9.78788665527614,1262
320,Item_320,7.03573876476303,4.77866967563656,6.29037485998027,5.8695336601494,6.39119783192367,3.54024532629885,8.33821741324039,8.71697603687458,1257
321,Item_321,5.6987571417442,7.48437275453608,4.52405864162654,2.01243799687046,1.59717277352509,3.5849626465916,7.82905272653506,5.62583677289092,1066
322,Item_322,3.891550723335,1.16923990533612,8.95528123016872,1.03027944969951,1.03149985423739,6.3613084596655,6.51604243857368,7.18155340133136,1206
323,Item_323,2.87411201483521,8.47252341949859,3.89770033134007,9.93945095477464,9.96630516561485,7.32977608030026,1.53647019021346,2.16202807288315,1661
324,Item_324,2.86094012324479,3.3367545437203,9.46353098724223,5.90225938077226,1.85679234197153,2.17044019852911,4.69357225886418,1.82778339223819,1130
325,Item_325,9.28422943147088,5.93048611033285,4.96623753942919,7.53952307534823,7.61565854135236,1.94432695809363,3.68540009511561,5.60966320633672,909
326,Item_326,3.46548078563462,7.01059486512611,9.70067988630559,4.67470832177419,4.34772114452706,8.16801851820736,2.14483889639995,2.15379163646662,933
327,Item_327,5.29657374156517,8.16191899355883,5.60701065976423,3.11930261540097,2.56778587500591,7.50801349927173,2.64548781291815,1.89714909664823,1394
328,Item_328,2.64170554601116,2.73240544642098,2.34439490048554,4.73625217916167,5.95644663513199,9.08362518571443,6.17022784023223,1.47613486692889,1859
329,Item_329,3.89279619256502,5.86797309926085,6.27876550240882,9.20492858991102,1.38829365204449,7.40269785124395,3.70961689559122,9.97595682657951,1244
330,Item_330,3.31907274492618,1.94107876392984,7.95275364665103,6.80594273560271,4.56152262246548,8.85549709481048,1.22517911717905,5.29488857240667,1157
331,Item_331,5.14886171532915,5.09923947050582,9.38145129240543,8.00336274972425,3.7194132674584,2.17130281916783,6.57641751988753,1.6406194652129,1295
332,Item_332,8.22685885413805,7.24363858796948,7.69047624624744,1.60277189091028,3.28359484363036,1.34514288429432,9.81920813555222,7.80955120023555,1258
333,Item_333,2.0419295633894,1.71169319562393,5.19517287883863,9.01382077800411,5.70910592964214,7.10513512601297,4.20558499147905,6.31397435413141,1070
334,Item_334,4.96531203080905,4.27197169629677,7.73934014718754,2.84466256169594,2.69321602401534,9.92045334108141,3.12724652644478,6.85704130947665,1810
335,Item_335,3.05915429680046,4.82110374198005,9.44886655583265,9.66202876700179,8.81680634117575,9.04545344104671,6.16341079673755,9.12194285868942,1144
336,Item_336,6.94207861399114,5.52789788339131,4.21401185077536,9.90868948521241,6.40116360975878,1.40566632287381,9.96209223522936,9.21942236357255,1696
337,Item_337,1.47795761671945,4.99563151972974,4.34025930087921,1.84262208557465,7.66791873129626,5.16482658813106,6.70253934025758,9.20310128083927,1729
338,Item_338,7.99305395300714,5.8479622838933,7.03842700628341,5.70009417796435,2.20037434274921,3.45716182722343,9.04345609540222,2.18679123388874,1693
339,Item_339,2.70092741872173,2.19980337320737,5.53080173639447,2.09994836537097,7.09304985996548,2.65366500125095,2.08811912412712,6.60840477011745,1669
340,Item_340,4.69282685688773,6.26819851182712,2.04754537213414,4.99197974897397,1.85258738449349,3.26519607284631,4.37996375297106,8.5325314300031,1895
341,Item_341,5.9296823222136,9.10017413016928,1.73372336545511,5.64995205704841,7.15057696762951,4.86062761460234,2.01061270443277,6.50156095956303,1128
342,Item_342,4.51841166145332,5.33398859847604,5.51653212766935,7.6372050595413,1.01246407217712,1.01107338941448,4.31264759743622,8.73335452157142,1890
343,Item_343,7.17450098281328,4.50524880922439,6.0615065302617,4.75378980273512,2.63585653429217,1.58537276945812,3.54874172997602,9.42189178343469,1709
344,Item_344,8.60415694616285,6.11330038628743,5.8939907486066,5.46228550532158,2.33710313882357,4.01817688843295,6.12183050213117,8.04812281475212,1167
345,Item_345,3.86290416777477,4.80864103035622,6.41111307286044,2.30052198682446,3.79465338415376,5.22317111455045,6.85030719087641,9.76423682219579,1541
346,Item_346,1.05686308374413,3.10862026581449,5.53097087511237,4.67094962175851,4.4247287413976,2.12402333233871,9.57221450816066,6.48272258075865,1656
347,Item_347,5.48738075412944,9.24723153136441,2.95172505106711,8.26228110600654,3.91930747736604,1.17350380590521,5.43461023074887,8.94333939199496,1602
348,Item_348,2.30148466074659,1.06829138047131,9.55173208038664,6.90580052812777,9.64678990426025,1.30259118373954,8.56651393396773,4.82770586890188,1447
349,Item_349,6.26642493530318,9.12616403766081,7.56567938925899,7.22442484508578,3.74781071437743,3.8958718719953,3.53400973335232,9.88268189032711,1900
350,Item_350,4.536659469926,3.22188427496786,9.03060471000769,6.7861526720053,5.09345669073576,1.03266655799697,3.88371963094504,4.17445277958672,851
351,Item_351,3.11765132004395,8.07270943088934,4.19261104469644,4.18064562388219,1.26171269442738,7.87056358665356,7.55078996133307,8.55321456325966,1000
352,Item_352,3.37273300146077,8.49607397286961,3.58940600888142,8.08197181311135,5.12852152240283,7.53424728651243,4.53910959020446,7.36799310888026,1657
353,Item_353,5.07904431702319,9.59034854615887,5.11284128211895,7.59144908584993,1.94000119416649,1.95887619260989,6.32144769367461,7.91606698916605,1466
354,Item_354,4.10374870121275,6.85953833552411,1.23459323581725,5.48482335592742,9.87890417471969,5.33263007850976,7.8438587320814,8.51090842067154,1052
355,Item_355,1.12391613515839,6.30497550252777,4.64602227048804,8.32283752789078,8.43725020175901,1.57071879747559,1.03756980009219,3.71818228794172,1867
356,Item_356,3.02695678088737,3.22483309976851,9.34818503414118,7.6248375708624,7.24840084984591,7.87768586580932,5.44500889978393,4.42209683421712,1740
357,Item_357,1.4860062348277,5.08379515538781,1.60919113037656,6.19982201297972,3.41955489600831,6.58402182199635,8.94547621028431,5.46726202441254,1432
358,Item_358,9.39458266897856,8.74426220105222,1.40770962719533,8.74221628094593,9.03277731680545,3.34207159086362,5.84155080891416,2.08812780428772,1977
359,Item_359,2.2073504470517,5.07924012234164,3.45370266568432,9.89534690032125,2.16796942346072,7.33994179819784,1.7673621051144,3.91295526416441,1904
360,Item_360,3.73082972986565,5.2167548423315,5.24462340320436,5.74751840090473,8.14969556089016,5.52790383386951,5.86123136323904,6.60860120623139,1456
361,Item_361,8.51013053975816,8.74657612853414,7.79179784789917,3.63835111497291,6.17387573269264,1.83552002397828,5.96152638241781,2.99009323622402,1935
362,Item_362,4.36419400176542,9.25463621194727,3.24713760676382,9.9732337625884,2.24083882575549,2.40725815843311,7.49546764338914,9.49964178263561,1941
363,Item_363,6.81084874647149,3.68740370001453,3.45320400949514,9.39551177626206,5.75612069721868,3.14821663606497,4.95996598104996,6.32059813864363,1583
364,Item_364,9.89106707148921,8.60426469003217,9.943499253901,4.4204072190418,3.0405610163407,2.29861778765492,1.45608055097151,7.93636843067679,1485
365,Item_365,7.82044871393806,1.67079734920697,3.86032797530304,2.62683423144683,6.20467213864459,2.84395434718615,7.04494541060484,2.87696752486703,947
366,Item_366,5.83189220840934,4.76522916219713,6.40281087548756,6.22223059534109,5.35680010202185,6.06272761713105,1.37795422236077,4.1036080407556,1526
367,Item_367,1.98994090117591,6.70000715554353,8.42479801366779,7.96555947212589,5.61324563418712,7.98373641501699,4.64268210173559,1.16247762074076,1548
368,Item_368,2.01148078891234,2.54861138849661,6.92246895992704,5.32056250415535,1.62533357482621,3.77036214485837,2.30826971438007,3.17352795550107,1615
369,Item_369,1.1698973067916,5.91984152112168,9.53175462320888,5.25922831078092,8.58129435912939,6.66318440090604,6.04033196835559,3.81026567623183,1568
370,Item_370,3.44050734019092,9.90204237547739,6.87668614948922,2.94379872168129,2.41940614914876,2.46779576084969,4.37602252361855,5.97714829507647,1314
371,Item_371,8.61183633540223,4.09538999888455,6.78863632924849,9.14615597356151,5.77950752407945,8.71747896933862,4.34326384568754,1.98914602729238,1897
372,Item_372,1.8773563475646,4.57424981486588,9.305405830615,4.06724941996305,3.8728233305637,8.54776436125884,4.55715920784202,8.92544184259082,900
373,Item_373,8.43808368267546,3.99376088925362,3.95084450006831,2.94577381137331,6.8065470278372,3.43614521982444,9.26187533584637,3.44836958323055,1990
374,Item_374,3.10091773398418,3.50378267663541,8.60715254286613,2.10286651960126,5.5207317713552,3.42129311432042,7.09122684742618,9.42694898056074,1702
375,Item_375,7.48634708750158,5.866412685054,7.4541522166055,4.67472602948373,9.09850961810119,5.78171348263319,2.52693614118304,4.73199682217189,1794
376,Item_376,4.61184901488326,3.68669145875796,6.29452092834936,3.9302111553113,3.13263216886121,1.25585980045226,3.43781788611549,8.92831207403555,1720
377,Item_377,6.24476470718616,1.66798812777917,5.99342531912931,5.30711338645352,3.45753275741085,2.06712689285794,1.92618089816674,5.70659728679462,1441
378,Item_378,6.50897007740071,8.82640620635159,3.40222600174539,2.07129353988688,2.83319328272381,9.90049196708118,9.27287812014155,9.43914531620897,1647
379,Item_379,8.49902718750571,4.03822405431184,2.1942403518685,9.66699945246352,4.05748023904101,4.90794955549396,3.59615027524506,8.52499095736693,1411
380,Item_380,5.4189822157431,4.98483559837162,3.58139226318532,6.54196229763044,5.7732003197575,7.21926156754362,2.54854759665233,1.45933291190229,1613
381,Item_381,4.990900030224,6.82500419805372,9.88998466619445,4.77471148778618,5.14790358050522,1.11813182498554,6.93992414013074,5.94232971098309,1587
382,Item_382,4.43870124218094,7.20060826428662,4.83546531067165,4.23819126903524,4.51853718153693,3.02064421920838,8.96713288077272,7.62284706693633,1115
383,Item_383,3.68404485714088,4.0334848115032,3.81618985971815,7.4702436355671,2.40567160176513,3.80738588295868,5.20914780739876,6.70184626744721,893
384,Item_384,7.85225760888297,7.75369047431594,1.87558832382563,7.45184849087208,4.50829713143429,1.49831483114735,5.71853430603136,8.77304330319273,974
385,Item_385,5.04499649589428,7.0550173187625,3.04593331294163,4.61380243941887,9.47411651441208,1.02929298378639,7.01520849175009,3.09407617127436,1128
386,Item_386,2.40011827323418,4.24383694430618,1.99776749857757,5.48760283097857,9.690341727496,8.94373280920755,2.80208095158157,4.53824965318705,1609
387,Item_387,9.42322993402664,1.0115474348208,2.32623795428603,3.63219813839205,3.37931031640044,8.6705371783996,7.88655171363609,7.50607199172516,1040
388,Item_388,4.27265279728437,7.08295544582754,2.30982117293927,5.67676188651623,7.55988246571531,4.39361794021018,8.47347642711676,2.18779127726829,1178
389,Item_389,2.03724851753178,2.8142269503399,6.09801352399111,7.02558840997548,1.07178268331311,2.01730266901387,9.55368997005949,5.4558012915444,1861
390,Item_390,6.10637936612751,8.13436655152185,7.51488485064896,1.02714013942828,2.37710823785788,7.80041618031995,2.53751041612504,4.59949197644887,1504
391,Item_391,9.3537370614865,5.48908922448187,2.13368637565231,3.25923629560586,5.76771902927024,2.45058317748418,1.42995629489235,6.76575156469908,1811
392,Item_392,8.87668017843487,7.19762133273918,7.73811809812086,1.38114903805289,7.41364480857594,6.07635052090096,6.42024148267984,1.85866881589298,1284
393,Item_393,8.52507202591988,1.55068337707729,1.47411109174606,4.88054083160419,1.0863258077659,7.83382162195808,9.90977087391645,4.86794896175177,1218
394,Item_394,6.72636037325673,6.14088041470997,8.97695948008847,8.07730301683832,4.58250165973251,1.48976911838227,9.94722537043992,8.31117728432331,1253
395,Item_395,2.71085692981402,1.21977011243148,1.10018457904333,3.58358626489627,6.74117831498668,7.19784071887645,5.41048645617486,6.53718593047796,1520
396,Item_396,2.86680037249074,3.43147679028602,6.38985461026786,1.29494665833001,7.27290215883923,6.69156643825542,8.60451542275549,6.24405719130301,1984
397,Item_397,7.53862942348186,1.46887241471175,1.31696598729874,9.6660043685769,4.37168998052283,6.11608637457626,9.56063702230675,3.28209900086505,919
398,Item_398,9.32143538783647,3.95606577341043,9.83487581401065,2.43820177321237,1.24666787735441,7.60564007732074,6.54585419279341,6.83019229847681,1561
399,Item_399,8.22727477258791,4.29709317960488,5.86233320773284,4.71758054175395,9.07639035814312,2.99021098992893,8.69788900966853,3.73029960891693,1386
400,Item_400,8.08039970634212,4.10489558285781,3.63561123613152,6.08538361236717,6.89930859471099,5.10988420246073,1.3708523368623,8.76899845860145,1516
401,Item_401,5.11787595614798,7.45056067276285,1.48211045590311,7.43918395644177,8.96559197586527,4.29476486290965,5.7037766244319,2.54627222008752,1527
402,Item_402,5.2441867216271,3.7133994234441,8.74933790371457,7.12348698127474,6.27924746254714,2.8339742607537,3.06925540243238,6.28832584401227,1409
403,Item_403,4.84238806445936,9.58222435598704,7.7292372734464,5.08362361990448,8.9636795421578,5.79059796432754,8.28813380413138,9.55470669423658,1923
404,Item_404,6.77738695230805,4.95650055282863,9.1565202714231,4.66350323070761,4.56746062763148,5.67870519833656,9.22837423962129,3.90656809990218,1170
405,Item_405,1.87314415243422,4.63653734980255,2.54164721298025,7.52701098330166,3.45007920234888,4.46013236744866,5.02537448587443,3.64594634197144,1301
406,Item_406,8.73445790414527,4.83508256938047,8.20099793490844,4.79269396740788,9.36571623083696,3.28541091158159,5.29063832862874,5.70798880533063,916
407,Item_407,7.32059114999021,1.72844874867429,7.31470042840023,9.83547663187747,7.94478344524377,9.22272246426791,6.73823264748819,9.5666810345572,825
408,Item_408,4.20854748660184,3.65571065057469,6.58432552796163,8.51867687243316,5.98462466441957,1.06666066039531,6.31106084994762,7.72019623973202,1622
409,Item_409,9.85481468574128,8.9343177508587,4.89484120160552,1.7816808847248,1.70289073486141,3.97546212007052,4.26847523103243,4.96178736200099,1832
410,Item_410,2.63775076684799,4.40046791621836,5.20785188403685,8.57685910225369,9.18410160988081,4.22435101002392,8.43929462130971,2.40447464208393,1347
411,Item_411,8.17532176752171,5.81375012140031,4.01591923674982,5.64936817447803,5.81161394313605,4.28231259869746,4.87684644670358,6.50630089604296,1579
412,Item_412,1.52147639261954,1.14569929662696,1.20175520145497,8.12645299591845,9.09831270222462,7.39877607823307,5.67667724860993,3.65225922500607,867
413,Item_413,9.93988768937122,8.60361628650966,3.02011679260732,2.47058343068665,9.81217466145476,5.05355115576618,7.36983369117638,6.73889073420976,1005
414,Item_414,3.57736210100727,8.63915120545865,7.29637730888916,8.33838458799527,4.08814166066731,9.11948821791332,8.49875496462505,3.05605410973968,1847
415,Item_415,4.87481199511169,3.85631437213979,9.26801123978236,5.73973409818412,6.82104130387233,7.68946578727537,7.71491567027207,9.31876039377186,1828
416,Item_416,2.52661098905895,2.19725973976571,9.11319009577015,3.59269340859914,1.57826431947449,5.41155659233378,9.69909820688751,4.47527384880456,834
417,Item_417,3.43934886393009,1.88854575381501,1.32598689336672,4.38684887223384,1.44446668933529,4.07290322920741,7.43011553814125,2.08505005779147,1185
418,Item_418,1.68469453176799,6.37913185722361,2.24706224684889,8.63409138573804,3.57856363870472,3.91106497078034,7.2426419094663,4.50134654201091,1717
419,Item_419,4.71883407307753,8.54229796542357,5.29706727884328,6.12119799853805,1.25934860289847,4.98257291212711,9.26014044635072,6.72924323648382,1256
420,Item_420,8.25393545122247,8.15728701126949,1.34414867904504,8.97875669513136,9.39222965731257,3.97345045426677,9.96124457319217,5.54039403222481,1276
421,Item_421,2.49311129736814,8.12775841351785,2.63134580400992,1.39388141651134,1.25807528227684,7.06169647652952,5.19150127855037,3.21779410083473,1543
422,Item_422,5.32061116994892,1.29298586049591,8.7040020641249,3.98418180002864,7.1839898488018,5.15825947596195,9.2306501994549,1.19689504260541,1118
423,Item_423,6.81915178859146,9.81226353036174,8.45855782386538,7.04189440801435,3.08093451301969,9.06819748426243,5.82441904698112,1.24077668947267,1518
424,Item_424,8.9369612963525,3.6500111042727,4.08907037530901,1.02208404082018,7.64726057110285,3.49220164435787,6.34817448005922,6.20184214180562,1300
425,Item_425,4.49213744460669,1.8216798467684,7.63949824542712,9.74414364145272,2.55942170795385,7.42075136599719,4.89842321174164,8.73408040463184,1112
426,Item_426,3.63987576979104,6.47905706010447,8.02613239478743,8.52014616175873,8.31918474345547,3.43046837052508,7.68947285791014,6.04234465860741,1475
427,Item_427,4.57740714882841,6.05401197018919,2.98879717463915,1.79234779905086,4.10325021443744,2.91734623981336,7.15317894754517,4.85370253288679,1702
428,Item_428,4.89736870824723,5.05167492047376,6.52105224711757,9.38024540380023,2.26906915161879,4.114466175573,4.43680233886476,6.45499781938544,1396
429,Item_429,1.35242381885385,6.66153556632108,7.23344216383862,4.54757872996083,1.21213161283039,3.09674958290339,2.22442417738234,6.40804034648636,1073
430,Item_430,3.67508783223286,2.28254419241993,1.9432495432447,5.56903081030252,7.44243032265575,8.72308110762875,4.29687047317166,3.50269042473599,1556
431,Item_431,5.53869378756347,6.50445460007761,7.72855138709094,9.99883607695434,9.07658978700599,7.7151739395399,7.85099080841803,8.68631766308488,836
432,Item_432,3.34435898082003,3.50077359847532,4.83625219748152,4.53025569224488,1.39889506278888,5.57810073666806,6.2820046216946,3.21354231670149,1878
433,Item_433,9.55348865583159,6.76286779785963,2.69269013350154,4.55091260524326,2.74978345375346,4.72165638556297,7.89233885079619,3.01787816023925,933
434,Item_434,1.44386957945204,7.59346156640706,2.22433137707422,5.20093391765944,1.74420974027467,9.18255112368076,8.65317411339328,5.69366816279533,1216
435,Item_435,3.5761001819005,4.78131060521007,8.05114058959875,5.65531285611404,2.39674019503428,5.48982557979507,4.41505517618529,6.59080728590599,968
436,Item_436,3.59144866659169,3.94982724691971,9.1913548114033,3.16263972015338,9.45007880786682,9.29808746770059,6.14320688611224,9.22412532127595,882
437,Item_437,2.6939393820344,6.92666277245092,8.48734782523556,5.23645080818124,1.4331695626988,3.31442007758886,4.22963141174257,2.73789623133533,1914
438,Item_438,3.97813284763951,8.71210207122569,8.62928841005785,6.58490360958171,7.58113675763542,9.413825854779,4.00484584856363,5.73282030449079,1545
439,Item_439,6.97688861385834,3.68987885228908,4.01253656313967,6.22928082945937,1.82134173808338,5.62448268732457,2.32174677796191,3.52939059279557,1690
440,Item_440,2.91076193057482,9.90812531720515,6.0460398202771,2.18964371913997,1.19215197959202,8.594004764466,7.06343570737836,3.29445158473276,846
441,Item_441,5.59325570929929,3.2082415157741,8.45323456926142,1.87288220863419,9.6657616244671,2.50095550718226,1.7827840813502,9.24895236776898,901
442,Item_442,4.15774853978383,9.00071958258856,1.20213081530225,5.52505910744821,7.07257125449546,8.07136485130642,6.36402597656602,2.82297059663231,1828
443,Item_443,5.32935864237023,3.51868057658337,3.55021587126245,8.36017488225704,1.20596936405675,9.60765752432556,5.77565374228764,9.88516161356565,1499
444,Item_444,8.15048801450525,3.63693836173736,4.45501526750786,3.87523177060357,6.54994178118782,4.48323583857582,5.36489346559094,8.04935508730173,972
445,Item_445,4.47830677947918,1.09291851729558,5.56808866515984,7.92709927556995,5.46838288510481,7.22107618550439,7.37155876794823,8.8126191372785,1268
446,Item_446,3.4520670019735,3.87891104532381,4.89500781552975,5.67869587258511,4.16647240263876,2.225109697574,3.33980810242693,3.41690356443718,806
447,Item_447,1.14999198493885,8.2576367567607,8.39262793263546,3.8128647225897,9.30094940384244,1.76949018059504,3.64321212655517,3.51052133429225,1172
448,Item_448,4.60798738498258,2.56836664692134,8.3300530788486,9.1581683910688,8.15522536475556,2.00354178707341,5.61943213107745,7.77914739097833,932
449,Item_449,7.33682366046502,5.31864548942987,3.47741759459168,1.38536766512835,4.27310415533929,1.20853480057775,7.14892084443162,9.33023667969817,974
450,Item_450,3.77997191183793,3.17859578976723,5.81094696122897,3.29901807340418,1.24175044514242,8.27184869890615,3.24533422878359,9.89682676370595,1130
451,Item_451,7.72906651469524,4.38994704764427,9.41209575004229,9.28677599221342,9.95122723732098,6.55355867096262,9.38141412595013,1.02910195687756,1877
452,Item_452,3.48062221064785,5.95119004922501,3.68845359451034,8.09762031893251,2.03081852903583,5.20073899259166,9.85378175036665,4.95419610943158,1649
453,Item_453,5.82557979910796,7.02644678189491,9.62999794610746,7.42862887161332,4.08597611950155,7.63913453558805,8.41128561348905,2.09611251679139,1960
454,Item_454,1.72117257058785,4.2722121025986,2.49095291035978,5.34329590268285,6.28400181585423,4.53456064437356,2.14968138636312,2.76803665069247,1038
455,Item_455,7.2837879706882,8.51689971995988,9.901695366788,4.55666661160817,7.81213669754033,6.45767491515914,5.58519722309297,6.16508554877688,951
456,Item_456,3.40915151286678,7.31042773149263,5.47321424409737,1.56195632945533,7.96608255474859,3.93182507011678,5.75828363741451,1.13904651880002,1922
457,Item_457,6.10921530474069,9.76520389066494,4.60465105775732,5.74578885877435,5.68409344908281,5.38455837965378,1.14465803917276,8.16519955783643,1879
458,Item_458,9.54004271649154,5.61225753399494,2.40569238391434,9.18108177623411,7.99333802099626,3.9617610001882,7.89961408460055,7.81801464820372,1691
459,Item_459,4.04031954473549,1.82667013107426,3.66521445015515,6.45729737996411,1.83048470264939,5.38582639911186,5.53620695842005,9.00968826038674,828
460,Item_460,1.4618278549914,3.12915138522879,9.42253283174997,9.16958062660931,4.22352068816547,7.8318295133016,6.36657001300634,8.00092838458434,1779
461,Item_461,2.76646367139412,1.31230203618482,8.24664810356127,8.39985922350901,2.68219091264342,8.16487703704117,7.67716119161223,8.64794766175964,1730
462,Item_462,6.87488331293067,3.29649013224042,2.43763007311638,6.92454040845619,6.21729606667996,8.49035617010414,7.60360488430923,6.69475036847148,1591
463,Item_463,6.04162146766536,8.24274550262582,7.91308650606394,8.69069113044392,7.04806157037829,7.91763220889673,8.47014665006945,5.52442106851325,826
464,Item_464,9.84899775568199,1.73691051764065,5.06153640363939,6.39862150846851,4.41935132469512,2.44298752801842,1.92241187445679,7.10362421244671,1609
465,Item_465,6.01093922177955,8.55995255864543,7.68394662237303,4.97768098050692,6.01202134726713,5.18353614025167,1.39277494553672,7.96236041188807,907
466,Item_466,8.43236794178225,1.52423516612665,4.56798979137384,4.80828149337376,1.32787465722866,5.05186392907498,5.34783322399928,7.89480664796937,1844
467,Item_467,8.50122404289739,4.17439581740761,2.82386477356326,3.81024478578987,1.11632881434555,1.42650638228487,7.9016048648939,1.77878314664322,1610
468,Item_468,4.27524274654224,3.46928206404708,6.51022726013011,9.98250170126461,2.60405597507992,2.68181954241964,9.5233821796682,4.28696479157074,1737
469,Item_469,8.02074644550793,4.28767150740556,3.62557086028209,7.03004066644969,3.38998857707842,5.73883130479989,8.32865511533732,9.26485689306509,1190
470,Item_470,5.68469241139414,6.12451329260061,6.26007020655404,3.29108566509631,1.38155729848108,8.71119424861008,2.10182591985653,2.75007058037423,936
471,Item_471,3.1553251210942,2.69742350927092,2.91398028380876,6.55398388443849,7.09322533384661,6.4281547303959,4.16983566964716,3.6229205709973,1172
472,Item_472,8.72482954862829,6.97258142854072,4.53860195867111,8.14119380426245,7.96097087670521,3.3313617889571,2.37032031716635,3.63813262566997,1946
473,Item_473,5.49956774072075,7.44843726735223,8.75395163695306,8.62965456358888,7.200225936935,5.88255045026972,3.46799582418186,5.5727647801051,1178
474,Item_474,9.24557324853954,7.44810608278917,2.58208525341753,3.29751373308053,8.24662188171754,3.75185358765253,8.12507304290339,9.71203245575969,1818
475,Item_475,6.16504712244332,6.94445248107631,7.7415099811578,3.74439671019993,7.03439586823149,1.08056094577746,5.36293664210891,4.00050820793056,1934
476,Item_476,4.01803876746504,4.23183638949545,8.99811748834198,7.60371057306423,2.50255571600551,4.11026604309035,4.2012303371773,9.11387368788672,1354
477,Item_477,1.07804526614784,6.50409647263735,8.45865241330128,9.61516760161559,2.14504690893965,6.01569690235111,7.29496953111703,6.99521223625382,1105
478,Item_478,6.67483069277594,4.86967676400428,6.41597356627931,6.61898928344767,4.23581286220126,2.20686161671062,4.54026119758608,2.03219703589304,1201
479,Item_479,3.31922235894538,9.38845056455203,8.42788075629069,8.71025288411188,8.21423345713839,7.27695474188607,7.77759604784701,8.92493620756261,812
480,Item_480,9.13768715106152,1.41756004810692,1.81181034179416,7.26220430939263,4.30714319000517,4.28050799078318,1.66551655845159,5.24000488974238,885
481,Item_481,5.41699890755652,2.75169979824477,2.8770943153765,1.09550005580867,8.49855883671522,6.77462080053781,4.71050413418977,6.04673143177622,1760
482,Item_482,1.41411486023772,3.79825161284251,8.27366638362048,5.49122554064731,1.01694252640295,4.60981490834113,3.42002169901321,6.08338360937579,1906
483,Item_483,7.55606736351455,7.40331900731561,2.14098593463237,6.95454698252996,7.23542256226811,2.55615384321631,6.70530821357112,5.96015675228951,1183
484,Item_484,2.88906926737747,4.04747687323185,9.95652353195099,1.17382513248677,9.66552901947402,8.1690020728375,4.67650276055105,1.017108078773,846
485,Item_485,9.29333389138741,6.21726598801953,9.05508912975125,1.05787320461074,4.93556404443815,9.30692915860441,9.90668797269712,8.51270169895705,1477
486,Item_486,5.29063236335046,5.604071136013,7.45379384769529,1.09888275851206,4.60930649716257,5.1856818878252,6.94770864596436,3.01934699207385,1660
487,Item_487,8.82907114800843,4.31062414403544,6.88167098071693,9.77944071850197,3.15349951708567,8.19121012154936,9.12674014196202,6.22440858620116,1340
488,Item_488,2.02678995255807,4.02847691964211,6.13969947701244,2.67703355816863,8.60590598112158,1.34583181921895,3.38307118356868,5.39387295855403,856
489,Item_489,1.43239225198792,4.04024177440339,6.18957118848042,4.59602246840452,2.06241969693121,4.51762325870412,8.60904621606868,4.1120904301089,1449
490,Item_490,5.51172414814991,4.07685240654702,6.97417901043854,8.58326386942467,7.39104268779365,5.78314917423238,2.66432439243368,5.50638568004875,1774
491,Item_491,2.72535326054555,4.84301605207723,2.67873924286566,3.38086184199593,6.889421869388,2.14696395574337,8.51671119391381,3.15492968083878,1906
492,Item_492,7.46880637352866,5.12916065424528,7.03691840164514,6.66399474661847,8.42148952806577,1.41854158926739,5.81443663122883,8.41437433497443,1121
493,Item_493,9.6315150608367,7.8365328272282,8.66095652926385,9.49701836845006,5.12710589938339,8.59521344366902,6.86014194253744,3.96875606799794,1984
494,Item_494,3.53765912002297,7.71698256044695,3.56565870669953,2.76303668520415,1.61394103697394,2.93939504168586,9.9977987182468,8.78548864022027,1197
495,Item_495,8.17229517804489,7.29867259004854,5.40017044101067,7.83781013375995,8.83683744707318,7.73549985532998,5.71276025027692,3.19240167464476,1301
496,Item_496,5.29239475333415,4.37445106843608,4.14156701743531,9.8865225635633,3.29923046194471,7.17882555372156,3.36330481039463,8.9461520411865,1103
497,Item_497,1.0633571459512,9.35373604641927,3.79259609662284,9.85358542942005,4.78608144477727,5.28563271231803,9.39120752774321,2.97722878329725,841
498,Item_498,8.934102260531,1.5348979609252,8.31207765050536,8.74101950817232,9.42562154690745,7.30892840274729,4.32419477156367,4.8985406741136,1814
499,Item_499,9.15457166553636,6.37288936484991,6.6881505718297,6.16895697325407,7.6817823031836,8.58566274644174,1.55466914388738,4.48061440390525,1543
